strategy,rows,features,accuracy,macro_f1,seconds
fillna(0)+sanitize,169016,30,0.8320021299254526,0.8313612178229883,2.9326400756835938
SimpleImputer(median),169016,30,0.8333629156312863,0.8327184675123994,3.515357255935669
KNNImputer(k=5),169016,30,0.8320317122234056,0.8313390399423947,2315.7903225421906
drop cols>95% + median,169016,30,0.8333629156312863,0.8327184675123994,3.0778274536132812
row>=70% + median,165063,30,0.8331869263623422,0.8326274488932951,2.864961862564087
